[{
        "name1": "Francine",
        "name2": "Gates",
        "email": "francinegates@webiotic.com",
        "tele": "+212 (822) 464-2085",
        "code": "6aa9bc92-c1ab-4763-a602-74587b218d46",
        "dateNaissance": "2019-03-09",
        "cin": 2727,
        "lieuNaissance": "Calverton, Mississippi",
        "sexe": "female",
        "service": "Service Informatique",
        "dateDeb": "2019-03-06",
        "adresse": "609 Ralph Avenue, Epworth, Kentucky, 4041",
        "niveauEtude": "bac",
        "matricule": 0,
        "ville": "Kersey",
        "dateFin": "2014-06-04",
        "username": "FrancineGates",
        "RC": "rh",
        "password": "pass"
    },
    {
        "name1": "Ella",
        "name2": "Mcdowell",
        "email": "ellamcdowell@webiotic.com",
        "tele": "+212 (996) 470-2497",
        "code": "18342532-c05d-4b99-b526-789b40d161de",
        "dateNaissance": "2016-03-06",
        "cin": 7603,
        "lieuNaissance": "Barronett, Nebraska",
        "sexe": "female",
        "service": "Service Stock",
        "dateDeb": "2018-05-29",
        "adresse": "911 Classon Avenue, Mahtowa, Utah, 8658",
        "niveauEtude": "bac",
        "matricule": 1,
        "ville": "Grapeview",
        "dateFin": "2018-02-22",
        "username": "EllaMcdowell",
        "RC": "rh",
        "password": "pass"
    },
    {
        "name1": "Bass",
        "name2": "Harmon",
        "email": "bassharmon@webiotic.com",
        "tele": "+212 (830) 549-3461",
        "code": "48b838aa-f3f3-479b-af02-ca0b3bcf0b03",
        "dateNaissance": "2017-01-13",
        "cin": 7638,
        "lieuNaissance": "Ahwahnee, Northern Mariana Islands",
        "sexe": "male",
        "service": "Service Informatique",
        "dateDeb": "2018-07-10",
        "adresse": "237 Reed Street, Gilgo, Massachusetts, 8485",
        "niveauEtude": "bac",
        "matricule": 2,
        "ville": "Taft",
        "dateFin": "2017-12-03",
        "username": "BassHarmon",
        "RC": "rh",
        "password": "pass"
    },
    {
        "name1": "Ashley",
        "name2": "Morton",
        "email": "ashleymorton@webiotic.com",
        "tele": "+212 (849) 403-2405",
        "code": "46b9e75b-cb30-47bb-bd70-ed667b4b9fef",
        "dateNaissance": "2015-09-27",
        "cin": 8976,
        "lieuNaissance": "Blende, Federated States Of Micronesia",
        "sexe": "female",
        "service": "Service Informatique",
        "dateDeb": "2016-07-13",
        "adresse": "248 Bowne Street, Glasgow, Iowa, 788",
        "niveauEtude": "bac",
        "matricule": 3,
        "ville": "Vernon",
        "dateFin": "2019-04-18",
        "username": "AshleyMorton",
        "RC": "rh",
        "password": "pass"
    },
    {
        "name1": "Kristine",
        "name2": "Ballard",
        "email": "kristineballard@webiotic.com",
        "tele": "+212 (981) 511-2133",
        "code": "98aa9197-2a45-4333-85e4-1d9df9020d27",
        "dateNaissance": "2014-01-09",
        "cin": 5264,
        "lieuNaissance": "Crayne, Kansas",
        "sexe": "female",
        "service": "Service Comptabilité",
        "dateDeb": "2018-11-28",
        "adresse": "100 Coyle Street, Deercroft, Arizona, 1326",
        "niveauEtude": "bac",
        "matricule": 4,
        "ville": "Bellamy",
        "dateFin": "2015-04-09",
        "username": "KristineBallard",
        "RC": "rh",
        "password": "pass"
    },
    {
        "name1": "Lottie",
        "name2": "Rodgers",
        "email": "lottierodgers@webiotic.com",
        "tele": "+212 (877) 430-2881",
        "code": "82f17cbb-f6e4-448a-a3c8-76dde9492c93",
        "dateNaissance": "2019-01-18",
        "cin": 9378,
        "lieuNaissance": "Beaulieu, Colorado",
        "sexe": "female",
        "service": "Service Informatique",
        "dateDeb": "2014-04-04",
        "adresse": "213 Grove Street, Calvary, South Dakota, 9416",
        "niveauEtude": "bac",
        "matricule": 5,
        "ville": "Eagleville",
        "dateFin": "2016-04-08",
        "username": "LottieRodgers",
        "RC": "rh",
        "password": "pass"
    },
    {
        "name1": "Cheri",
        "name2": "Weiss",
        "email": "cheriweiss@webiotic.com",
        "tele": "+212 (931) 598-2326",
        "code": "2ea4196e-042b-43c0-b444-90068ca934ae",
        "dateNaissance": "2017-01-05",
        "cin": 3400,
        "lieuNaissance": "Sussex, Minnesota",
        "sexe": "female",
        "service": "Service Informatique",
        "dateDeb": "2018-05-30",
        "adresse": "428 Alice Court, Brooktrails, Wisconsin, 2919",
        "niveauEtude": "bac",
        "matricule": 6,
        "ville": "Talpa",
        "dateFin": "2016-07-10",
        "username": "CheriWeiss",
        "RC": "rh",
        "password": "pass"
    },
    {
        "name1": "Deborah",
        "name2": "Vega",
        "email": "deborahvega@webiotic.com",
        "tele": "+212 (974) 571-2269",
        "code": "748ec3ee-13b5-49a8-bb73-f207af64e87c",
        "dateNaissance": "2016-07-14",
        "cin": 1950,
        "lieuNaissance": "Hoehne, Rhode Island",
        "sexe": "female",
        "service": "Service Informatique",
        "dateDeb": "2016-04-27",
        "adresse": "857 Caton Place, Elliott, North Carolina, 2056",
        "niveauEtude": "bac",
        "matricule": 7,
        "ville": "Benson",
        "dateFin": "2014-05-03",
        "username": "DeborahVega",
        "RC": "rh",
        "password": "pass"
    },
    {
        "name1": "Sheppard",
        "name2": "Singleton",
        "email": "sheppardsingleton@webiotic.com",
        "tele": "+212 (831) 564-3417",
        "code": "a3b5bb6a-0c15-4b77-bdd8-dbb50f062c6e",
        "dateNaissance": "2018-09-14",
        "cin": 5301,
        "lieuNaissance": "Englevale, Maine",
        "sexe": "male",
        "service": "Service Comptabilité",
        "dateDeb": "2016-02-24",
        "adresse": "957 Paerdegat Avenue, Rivera, Oklahoma, 1069",
        "niveauEtude": "bac",
        "matricule": 8,
        "ville": "Coinjock",
        "dateFin": "2015-08-29",
        "username": "SheppardSingleton",
        "RC": "rh",
        "password": "pass"
    },
    {
        "name1": "Lynnette",
        "name2": "Gaines",
        "email": "lynnettegaines@webiotic.com",
        "tele": "+212 (968) 443-3734",
        "code": "b40cbbc8-79ee-40a1-b778-e056996da2a5",
        "dateNaissance": "2016-02-04",
        "cin": 1535,
        "lieuNaissance": "Dodge, Hawaii",
        "sexe": "female",
        "service": "Service Informatique",
        "dateDeb": "2018-04-28",
        "adresse": "149 Commercial Street, Malott, Pennsylvania, 7900",
        "niveauEtude": "bac",
        "matricule": 9,
        "ville": "Darrtown",
        "dateFin": "2018-10-11",
        "username": "LynnetteGaines",
        "RC": "rh",
        "password": "pass"
    },
    {
        "name1": "Dorothea",
        "name2": "Swanson",
        "email": "dorotheaswanson@webiotic.com",
        "tele": "+212 (997) 420-2466",
        "code": "614a8342-c521-46c1-b4bb-0a402de7f6ab",
        "dateNaissance": "2018-06-23",
        "cin": 4261,
        "lieuNaissance": "Ebro, Wyoming",
        "sexe": "female",
        "service": "Service Informatique",
        "dateDeb": "2018-08-19",
        "adresse": "461 Verona Street, Hamilton, New Hampshire, 7597",
        "niveauEtude": "bac",
        "matricule": 10,
        "ville": "Chesterfield",
        "dateFin": "2016-04-01",
        "username": "DorotheaSwanson",
        "RC": "rh",
        "password": "pass"
    },
    {
        "name1": "Haley",
        "name2": "Gentry",
        "email": "haleygentry@webiotic.com",
        "tele": "+212 (821) 590-2223",
        "code": "715fc09e-826a-43e3-8523-a02f69aab349",
        "dateNaissance": "2015-11-16",
        "cin": 4267,
        "lieuNaissance": "Downsville, Virginia",
        "sexe": "male",
        "service": "Service Informatique",
        "dateDeb": "2018-06-27",
        "adresse": "200 Willow Place, Juntura, Guam, 1295",
        "niveauEtude": "bac",
        "matricule": 11,
        "ville": "Cataract",
        "dateFin": "2017-02-23",
        "username": "HaleyGentry",
        "RC": "rh",
        "password": "pass"
    },
    {
        "name1": "Vera",
        "name2": "Suarez",
        "email": "verasuarez@webiotic.com",
        "tele": "+212 (945) 423-2575",
        "code": "eb49adc2-6995-491d-ba55-e9178c74ac35",
        "dateNaissance": "2015-08-01",
        "cin": 6838,
        "lieuNaissance": "Dahlen, Maryland",
        "sexe": "female",
        "service": "Service Informatique",
        "dateDeb": "2019-08-01",
        "adresse": "344 Cumberland Walk, Tryon, Illinois, 8328",
        "niveauEtude": "bac",
        "matricule": 12,
        "ville": "Rutherford",
        "dateFin": "2014-07-15",
        "username": "VeraSuarez",
        "RC": "rh",
        "password": "pass"
    },
    {
        "name1": "Felicia",
        "name2": "Johnson",
        "email": "feliciajohnson@webiotic.com",
        "tele": "+212 (930) 534-2637",
        "code": "0750f376-72f9-4c6e-bcd8-71165d856e1e",
        "dateNaissance": "2017-03-20",
        "cin": 2850,
        "lieuNaissance": "Bynum, Texas",
        "sexe": "female",
        "service": "Service Informatique",
        "dateDeb": "2017-09-22",
        "adresse": "932 Elliott Place, Edgewater, Virgin Islands, 6304",
        "niveauEtude": "bac",
        "matricule": 13,
        "ville": "Chilton",
        "dateFin": "2015-06-14",
        "username": "FeliciaJohnson",
        "RC": "rh",
        "password": "pass"
    },
    {
        "name1": "Glass",
        "name2": "Flynn",
        "email": "glassflynn@webiotic.com",
        "tele": "+212 (937) 445-3732",
        "code": "9f6d81c5-4e03-4ba6-92cb-3ffc20886b8c",
        "dateNaissance": "2018-07-17",
        "cin": 7228,
        "lieuNaissance": "Otranto, Georgia",
        "sexe": "male",
        "service": "Service Informatique",
        "dateDeb": "2015-08-23",
        "adresse": "891 Lawrence Avenue, Roy, District Of Columbia, 1936",
        "niveauEtude": "bac",
        "matricule": 14,
        "ville": "Elbert",
        "dateFin": "2019-04-16",
        "username": "GlassFlynn",
        "RC": "rh",
        "password": "pass"
    },
    {
        "name1": "Antoinette",
        "name2": "Johns",
        "email": "antoinettejohns@webiotic.com",
        "tele": "+212 (961) 540-2651",
        "code": "bc68a1af-07d5-4bb8-898e-1ef450d4b1c8",
        "dateNaissance": "2016-04-12",
        "cin": 5949,
        "lieuNaissance": "Albrightsville, North Dakota",
        "sexe": "female",
        "service": "Service Informatique",
        "dateDeb": "2014-07-19",
        "adresse": "426 Meadow Street, Dupuyer, New Jersey, 3052",
        "niveauEtude": "bac",
        "matricule": 15,
        "ville": "Masthope",
        "dateFin": "2016-12-15",
        "username": "AntoinetteJohns",
        "RC": "rh",
        "password": "pass"
    },
    {
        "name1": "Gwendolyn",
        "name2": "Parks",
        "email": "gwendolynparks@webiotic.com",
        "tele": "+212 (980) 599-3519",
        "code": "ee3caa8d-d954-4488-b56d-b120479f9011",
        "dateNaissance": "2019-03-12",
        "cin": 4573,
        "lieuNaissance": "Vincent, Missouri",
        "sexe": "female",
        "service": "Service Informatique",
        "dateDeb": "2014-05-24",
        "adresse": "829 Coffey Street, Sultana, Puerto Rico, 7709",
        "niveauEtude": "bac",
        "matricule": 16,
        "ville": "Bourg",
        "dateFin": "2018-05-20",
        "username": "GwendolynParks",
        "RC": "rh",
        "password": "pass"
    },
    {
        "name1": "Owens",
        "name2": "Alston",
        "email": "owensalston@webiotic.com",
        "tele": "+212 (984) 411-2348",
        "code": "a8d90886-d619-483b-9481-77d8512a4f04",
        "dateNaissance": "2014-10-30",
        "cin": 8802,
        "lieuNaissance": "Richmond, West Virginia",
        "sexe": "male",
        "service": "Service Informatique",
        "dateDeb": "2015-11-09",
        "adresse": "579 Reeve Place, Reno, Delaware, 1323",
        "niveauEtude": "bac",
        "matricule": 17,
        "ville": "Greenock",
        "dateFin": "2015-09-04",
        "username": "OwensAlston",
        "RC": "rh",
        "password": "pass"
    },
    {
        "name1": "Bolton",
        "name2": "Mckee",
        "email": "boltonmckee@webiotic.com",
        "tele": "+212 (863) 547-3044",
        "code": "a4dc60a7-efe4-4079-94b1-e16e1ce640cc",
        "dateNaissance": "2014-09-01",
        "cin": 5615,
        "lieuNaissance": "Caroline, Vermont",
        "sexe": "male",
        "service": "Service Informatique",
        "dateDeb": "2019-01-20",
        "adresse": "844 Himrod Street, Jacksonburg, Indiana, 322",
        "niveauEtude": "bac",
        "matricule": 18,
        "ville": "Cascades",
        "dateFin": "2018-02-06",
        "username": "BoltonMckee",
        "RC": "rh",
        "password": "pass"
    },
    {
        "name1": "Britt",
        "name2": "Saunders",
        "email": "brittsaunders@webiotic.com",
        "tele": "+212 (934) 472-3007",
        "code": "f850ac02-3be5-41dd-8185-cb2f7107fafa",
        "dateNaissance": "2017-05-04",
        "cin": 3159,
        "lieuNaissance": "Riegelwood, New York",
        "sexe": "male",
        "service": "Service Informatique",
        "dateDeb": "2018-02-05",
        "adresse": "342 Autumn Avenue, Dante, Nevada, 4049",
        "niveauEtude": "bac",
        "matricule": 19,
        "ville": "Muir",
        "dateFin": "2018-10-24",
        "username": "BrittSaunders",
        "RC": "rh",
        "password": "pass"
    },
    {
        "name1": "Jean",
        "name2": "Mayo",
        "email": "jeanmayo@webiotic.com",
        "tele": "+212 (909) 517-2090",
        "code": "a207b41e-c165-4316-b91e-2470d594faea",
        "dateNaissance": "2015-08-16",
        "cin": 1341,
        "lieuNaissance": "Libertytown, South Carolina",
        "sexe": "female",
        "service": "Service Informatique",
        "dateDeb": "2018-02-07",
        "adresse": "828 Tabor Court, Sattley, Montana, 1957",
        "niveauEtude": "bac",
        "matricule": 20,
        "ville": "National",
        "dateFin": "2018-02-03",
        "username": "JeanMayo",
        "RC": "rh",
        "password": "pass"
    },
    {
        "name1": "Lang",
        "name2": "Hodge",
        "email": "langhodge@webiotic.com",
        "tele": "+212 (923) 476-3526",
        "code": "2bfd53c1-d316-47b4-83c7-9eec8d750246",
        "dateNaissance": "2018-04-30",
        "cin": 4376,
        "lieuNaissance": "Sena, Florida",
        "sexe": "male",
        "service": "Service Informatique",
        "dateDeb": "2015-10-12",
        "adresse": "478 Ivan Court, Denio, Palau, 4069",
        "niveauEtude": "bac",
        "matricule": 21,
        "ville": "Freeburn",
        "dateFin": "2016-04-15",
        "username": "LangHodge",
        "RC": "rh",
        "password": "pass"
    },
    {
        "name1": "Pena",
        "name2": "Ramirez",
        "email": "penaramirez@webiotic.com",
        "tele": "+212 (880) 520-2985",
        "code": "957fb26d-b493-451e-ad0b-6b6e1ccb482b",
        "dateNaissance": "2017-08-18",
        "cin": 2368,
        "lieuNaissance": "Helen, New Mexico",
        "sexe": "male",
        "service": "Service Informatique",
        "dateDeb": "2015-03-31",
        "adresse": "927 Crystal Street, Williamson, Connecticut, 2721",
        "niveauEtude": "bac",
        "matricule": 22,
        "ville": "Caledonia",
        "dateFin": "2017-11-22",
        "username": "PenaRamirez",
        "RC": "rh",
        "password": "pass"
    },
    {
        "name1": "Evangelina",
        "name2": "Bush",
        "email": "evangelinabush@webiotic.com",
        "tele": "+212 (809) 567-2789",
        "code": "975debe8-653b-4296-ab30-6f832bc11995",
        "dateNaissance": "2014-04-20",
        "cin": 8784,
        "lieuNaissance": "Ezel, Tennessee",
        "sexe": "female",
        "service": "Service Informatique",
        "dateDeb": "2016-08-02",
        "adresse": "405 Opal Court, Lorraine, Marshall Islands, 4291",
        "niveauEtude": "bac",
        "matricule": 23,
        "ville": "Norwood",
        "dateFin": "2014-05-18",
        "username": "EvangelinaBush",
        "RC": "rh",
        "password": "pass"
    },
    {
        "name1": "Jenna",
        "name2": "Knapp",
        "email": "jennaknapp@webiotic.com",
        "tele": "+212 (936) 492-3308",
        "code": "9f996f1e-0b17-43d4-ab47-c9e1f01652ea",
        "dateNaissance": "2019-06-18",
        "cin": 2873,
        "lieuNaissance": "Abrams, Louisiana",
        "sexe": "female",
        "service": "Service Informatique",
        "dateDeb": "2018-11-06",
        "adresse": "522 Monroe Place, Crenshaw, Arkansas, 5101",
        "niveauEtude": "bac",
        "matricule": 24,
        "ville": "Clinton",
        "dateFin": "2018-08-01",
        "username": "JennaKnapp",
        "RC": "rh",
        "password": "pass"
    },
    {
        "name1": "Carly",
        "name2": "Hubbard",
        "email": "carlyhubbard@webiotic.com",
        "tele": "+212 (823) 402-2885",
        "code": "6ad9413c-cbfc-473b-8518-fba5199bbcef",
        "dateNaissance": "2016-02-04",
        "cin": 1438,
        "lieuNaissance": "Davenport, California",
        "sexe": "female",
        "service": "Service Informatique",
        "dateDeb": "2015-03-20",
        "adresse": "875 Quay Street, Woodlake, Oregon, 5448",
        "niveauEtude": "bac",
        "matricule": 25,
        "ville": "Strykersville",
        "dateFin": "2017-09-02",
        "username": "CarlyHubbard",
        "RC": "rh",
        "password": "pass"
    },
    {
        "name1": "Christensen",
        "name2": "Foley",
        "email": "christensenfoley@webiotic.com",
        "tele": "+212 (823) 421-2458",
        "code": "1940af74-81c8-487a-916b-bdb1dcdc8f3d",
        "dateNaissance": "2015-06-07",
        "cin": 1541,
        "lieuNaissance": "Duryea, Alabama",
        "sexe": "male",
        "service": "Service Informatique",
        "dateDeb": "2019-01-10",
        "adresse": "788 Bassett Avenue, Yonah, Ohio, 3823",
        "niveauEtude": "bac",
        "matricule": 26,
        "ville": "Aberdeen",
        "dateFin": "2017-05-13",
        "username": "ChristensenFoley",
        "RC": "rh",
        "password": "pass"
    },
    {
        "name1": "Witt",
        "name2": "Macias",
        "email": "wittmacias@webiotic.com",
        "tele": "+212 (894) 573-3586",
        "code": "1566db97-db10-4b8d-a746-21dc918e4232",
        "dateNaissance": "2015-04-23",
        "cin": 3158,
        "lieuNaissance": "Navarre, American Samoa",
        "sexe": "male",
        "service": "Service Informatique",
        "dateDeb": "2015-07-11",
        "adresse": "966 Bijou Avenue, Farmers, Michigan, 1321",
        "niveauEtude": "bac",
        "matricule": 27,
        "ville": "Inkerman",
        "dateFin": "2018-03-06",
        "username": "WittMacias",
        "RC": "rh",
        "password": "pass"
    },
    {
        "name1": "Castro",
        "name2": "Steele",
        "email": "castrosteele@webiotic.com",
        "tele": "+212 (920) 497-2665",
        "code": "38c95fa8-6f7f-45ea-b7a6-8cdc696831e2",
        "dateNaissance": "2014-01-13",
        "cin": 2064,
        "lieuNaissance": "Goochland, Washington",
        "sexe": "male",
        "service": "Service Informatique",
        "dateDeb": "2018-11-06",
        "adresse": "479 Herkimer Court, Byrnedale, Alaska, 4401",
        "niveauEtude": "bac",
        "matricule": 28,
        "ville": "Carrsville",
        "dateFin": "2019-02-27",
        "username": "CastroSteele",
        "RC": "rh",
        "password": "pass"
    }
]