[{
    "id": 1,
    "code": "5005",
    "date": "2012-08-14T00:00:00",
    "invoiceDetails": [{
        "id": 4,
        "no": 0,
        "pCode": "2000",
        "pname": "INV5",
        "qte": "20",
        "prix": "30000",
        "invoiceHeaderID": 1
    }]
}, {
    "id": 2,
    "code": "650",
    "date": "2001-05-20T00:00:00",
    "invoiceDetails": [{
        "id": 2,
        "no": 0,
        "pCode": "1200",
        "pname": "F2",
        "qte": "3",
        "prix": "10000",
        "invoiceHeaderID": 2
    }]
}, {
    "id": 3,
    "code": "210",
    "date": "2019-02-02T00:00:00",
    "invoiceDetails": [{
        "id": 1,
        "no": 0,
        "pCode": "1560",
        "pname": "Facture 1",
        "qte": "4",
        "prix": "12000",
        "invoiceHeaderID": 3
    }]
}, {
    "id": 4,
    "code": "100",
    "date": "2018-09-29T00:00:00",
    "invoiceDetails": [{
        "id": 3,
        "no": 0,
        "pCode": "200",
        "pname": "Invoice3",
        "qte": "1",
        "prix": "5000",
        "invoiceHeaderID": 4
    }]
}, {
    "id": 5,
    "code": "500",
    "date": "2012-08-14T00:00:00",
    "invoiceDetails": [{
        "id": 5,
        "no": 0,
        "pCode": "2000",
        "pname": "INV5",
        "qte": "20",
        "prix": "30000",
        "invoiceHeaderID": 5
    }]
}, {
    "id": 6,
    "code": "500",
    "date": "2019-08-14T00:00:00",
    "invoiceDetails": [{
        "id": 6,
        "no": 0,
        "pCode": "20190",
        "pname": "2019",
        "qte": "20",
        "prix": "20190",
        "invoiceHeaderID": 6
    }, {
        "id": 7,
        "no": 0,
        "pCode": "20191",
        "pname": "2019",
        "qte": "20",
        "prix": "20191",
        "invoiceHeaderID": 6
    }]
}, {
    "id": 7,
    "code": "50055",
    "date": "2019-08-05T01:10:44.076",
    "invoiceDetails": []
}, {
    "id": 8,
    "code": "1245",
    "date": "2019-08-05T11:34:30.322",
    "invoiceDetails": []
}, {
    "id": 9,
    "code": "12364",
    "date": "2019-08-05T14:21:21.07",
    "invoiceDetails": []
}, {
    "id": 10,
    "code": "12354",
    "date": "2019-08-19T11:21:13.34",
    "invoiceDetails": []
}, {
    "id": 11,
    "code": "6666",
    "date": "2019-08-19T13:28:19.659",
    "invoiceDetails": []
}, {
    "id": 12,
    "code": "555",
    "date": "2019-08-19T14:35:28.056",
    "invoiceDetails": [{
        "id": 8,
        "no": 1,
        "pCode": "4444",
        "pname": "555",
        "qte": "0",
        "prix": "0",
        "invoiceHeaderID": 12
    }, {
        "id": 9,
        "no": 2,
        "pCode": "4444",
        "pname": "555",
        "qte": "0",
        "prix": "0",
        "invoiceHeaderID": 12
    }, {
        "id": 10,
        "no": 3,
        "pCode": "4444",
        "pname": "555",
        "qte": "0",
        "prix": "0",
        "invoiceHeaderID": 12
    }, {
        "id": 11,
        "no": 4,
        "pCode": "4444",
        "pname": "555",
        "qte": "0",
        "prix": "0",
        "invoiceHeaderID": 12
    }, {
        "id": 12,
        "no": 5,
        "pCode": "4444",
        "pname": "555",
        "qte": "0",
        "prix": "0",
        "invoiceHeaderID": 12
    }, {
        "id": 13,
        "no": 6,
        "pCode": "4444",
        "pname": "555",
        "qte": "0",
        "prix": "0",
        "invoiceHeaderID": 12
    }]
}]